prk_place_nm,address,monthly_pass_fee,prk_style
연미 공영주차장,부산광역시 연제구 연산동 2122-12,0,공영
한양아파트 앞 공영주차장,부산광역시 연제구 연산동 420-4,0,공영
시티타워 뒤 공영주차장,부산광역시 연제구 연산동 1123-1,0,공영
태경선샤인아파트 앞 공영주차장,부산광역시 연제구 거제동 120-6,0,공영
연제문화체육공원 공영주차장,부산광역시 연제구 연산동 952-18,0,공영
해맞이 공영주차장,부산광역시 연제구 거제동 625-11,0,공영
한빛 공영주차장,부산광역시 연제구 연산동 2273,0,공영
학장천공영주차장,부산광역시 사상구 주례동 1287,52000,공영
덕포백양공원공영주차장,부산광역시 사상구 덕포동 776-1,52000,공영
양지2공원주변,부산광역시 사상구 주례동 314,52000,공영
고동바위공영주차장,부산광역시 사상구 모라동 1359,52000,공영
모라중학교 지하(노외),부산광역시 사상구 모라동 1348,90000,공영
감전역 역세권 공영주차장,부산광역시 사상구 모라동 1348,90000,공영
공영주차장(감전중고차시장),부산광역시 사상구 감전동 156-1,30000,공영
감전시장주변,부산광역시 사상구 감전동 132-7,30000,공영
파라곤호텔주변,부산광역시 사상구 괘법동 565-6,30000,공영
학장지구대주변,부산광역시 사상구 학장동 242-1,30000,공영
한국강관주변,부산광역시 사상구 감전동 949-7,30000,공영
위생처리장주변,부산광역시 사상구 감전동 509-11,30000,공영
동영공업주변,부산광역시 사상구 학장동 748-1,30000,공영
공영주차장(주례역),부산광역시 사상구 주례동 506,90000,공영
공영주차장(사상초등학교),부산광역시 사상구 덕포동 752-3,30000,공영
공영주차장(사상전화국),부산광역시 사상구 학장동 281-9,30000,공영
해표사료주변,부산광역시 사상구 감전동 127-1,30000,공영
공영주차장(신일금속),부산광역시 사상구 학장동 723-1,30000,공영
모라1동행정복지센터주변,부산광역시 사상구 모라동 1347-4,30000,공영
삼락재첩거리주변,부산광역시 사상구 삼락동 70-21,30000,공영
엄궁외식1번가주변,부산광역시 사상구 엄궁동 652-7,30000,공영
학장동행정복지센터주변,부산광역시 사상구 학장동 386-1,30000,공영
동서고가도로밑주변,부산광역시 사상구 주례동 394,30000,공영
동신운수옆복개공영주차장,부산광역시 사상구 주례동 1160-53,30000,공영
주례오거리공영주차장,부산광역시 사상구 주례동 437-1,30000,공영
황금로 공영주차장,부산광역시 연제구 연산동 1811-561,0,공영
연일 공영주차장,부산광역시 연제구 연산동 768-5,0,공영
과정 공영주차장,부산광역시 연제구 연산동 1062-1,0,공영
연산3동 금련 공영주차장,부산광역시 연제구 연산동 420-4,0,공영
구)대연3동주민센터 주변,부산광역시 남구 대연동 393-27번지,40000,공영
대연천 구거복개지,부산광역시 남구 대연동 1635-55번지,40000,공영
수영로325번길(번영로 아래),부산광역시 남구 대연동 217-6번지,40000,공영
대흥택시 주변,부산광역시 남구 대연동 1018번지,40000,공영
수영로266번길(글로리빌라 앞),부산광역시 남구 대연동 548-6번지,40000,공영
부산공고담장주변,부산광역시 남구 대연동 1195-160번지,40000,공영
문화회관진입로,부산광역시 남구 대연동 848-4번지,40000,공영
대연극동아파트 옆,부산광역시 남구 대연동 282-5번지,40000,공영
사슴빌라 주변,부산광역시 남구 대연동 1487-15번지,40000,공영
유엔평화로 9번길(항도빌라 주변),부산광역시 남구 대연동 1731-1번지,40000,공영
제1주거지전용주차장,부산광역시 남구 대연동 1728-3번지,40000,공영
솔밭주거지전용주차장,부산광역시 남구 대연동 1002-1번지,40000,공영
대연1동 공영주차장,부산광역시 남구 대연동 1750-7번지,40000,공영
양지아파트주변,부산광역시 남구 감만동 44-149번지,40000,공영
감만2동 제1공영주차장,부산광역시 남구 감만동 3-47번지,40000,공영
감만2동 제2공영주차장,부산광역시 남구 감만동 3-598번지,40000,공영
새마을금고 주변,부산광역시 남구 우암동 189번지,40000,공영
당산로 공영주차장,부산광역시 남구 우암동 93-11번지,40000,공영
우암양달로 주거지주차장,부산광역시 남구 우암동 181-498번지,40000,공영
뉴서울아파트주변,부산광역시 남구 우암동 53-5번지,40000,공영
문현광원맨션 주변,부산광역시 남구 문현동 557-15번지,40000,공영
성암사 주변,부산광역시 남구 문현동 71-6번지,40000,공영
효성택시 진입로,부산광역시 남구 문현동 86-7번지,40000,공영
부림빌라 뒤,부산광역시 남구 문현동 31-85번지,40000,공영
감전중천주변,부산광역시 사상구 감전동 150-1,30000,공영
유진맨션건너편,부산광역시 사상구 모라동 651-39,52000,공영
엄궁초등학교지하주차장,부산광역시 사상구 엄궁동 47,52000,공영
중앙고교담장주변,부산광역시 남구 대연동 1779번지,40000,공영
부산세무고등학교주변,부산광역시 남구 대연동 1801번지,40000,공영
용호초등학교뒤 공영주차장,부산광역시 남구 용호동 66-3번지,40000,공영
용호중앙교회앞 공영주차장,부산광역시 남구 용호동 409-25번지,40000,공영
백운포체육공원앞공영주차장,부산광역시 남구 용호동 895-5번지,51360,공영
이기대제1|제2공영주차장,부산광역시 남구 용호동 15-1번지,160000,공영
오륙도수변공원 공영주차장,부산광역시 남구 용호동 산 196-4번지,51360,공영
진남로232번길 공영주차장,부산광역시 남구 문현동 53-11번지,40000,공영
문현1동 제2공영주차장,부산광역시 남구 문현동 54-59번지,40000,공영
문현1동 제3공영주차장,부산광역시 남구 문현동 125-7번지,40000,공영
성동중학교 담장 주변,부산광역시 남구 문현동 791-1번지,40000,공영
E-마트 담벽 주변,부산광역시 남구 문현동 751번지,40000,공영
하이빌 주변,부산광역시 남구 문현동 603번지,40000,공영
신풍상사 주변,부산광역시 남구 문현동 738-1번지,40000,공영
문현2동 주민센터 윗편,부산광역시 남구 문현동 552-8번지,40000,공영
수영로69번길 공영주차장,부산광역시 남구 문현동 262-22번지,40000,공영
수영로39번길(번영로 아래),부산광역시 남구 문현동 231-8번지,40000,공영
구거복개지,부산광역시 남구 문현동 837-1번지,40000,공영
현대오일뱅크주유소 옆,부산광역시 남구 문현동 876-8번지,40000,공영
청호탕 주변,부산광역시 남구 문현동 655-149번지,40000,공영
대송주택 주변,부산광역시 남구 문현동 270-41번지,40000,공영
한일오피스텔주변,부산광역시 남구 문현동 838번지,40000,공영
스카이워크공영주차장,부산광역시 남구 용호동 950번지,160000,공영
제2주거지전용주차장,부산광역시 남구 대연동 1735-1번지,40000,공영
남천중 진입로,부산광역시 남구 대연동 455-13번지,40000,공영
대연성당 주변,부산광역시 남구 대연동 67-33번지,40000,공영
동국제강 진입로,부산광역시 남구 감만동 602번지,40000,공영
119안전센터 옆,부산광역시 남구 감만동 592-24번지,40000,공영
감만동 홍곡로 공영주차장,부산광역시 남구 감만동 187-9번지,40000,공영
국제아파트주변,부산광역시 남구 감만동 27-10번지,40000,공영
하얏트아파트 주변,부산광역시 남구 감만동 33-401번지,40000,공영
용호중학교 옆 공영주차장,부산광역시 남구 용호동 514-4번지,40000,공영
동명로118번길 공영주차장,부산광역시 남구 용호동 485-16번지,40000,공영
용호로232번길 공영주차장,부산광역시 남구 용호동 536-1번지,40000,공영
용호4동 주민센터 주변,부산광역시 남구 용호동 534-18번지,40000,공영
해군아파트아래 담장길,부산광역시 남구 용호동 534-30번지,40000,공영
용호로178번길 공영주차장,부산광역시 남구 용호동 485-2번지,40000,공영
솔밭공원 윗길,부산광역시 남구 용호동 409-22번지,40000,공영
솔밭공원 아랫길,부산광역시 남구 용호동 356-1번지,40000,공영
용호성당 주변,부산광역시 남구 용호동 487-9번지,40000,공영
삼성시장 배수펌프장 상부,부산광역시 남구 용호동 265-4번지,40000,공영
용호1동 제4공영주차장,부산광역시 남구 용호동 221-1번지,40000,공영
백세교,부산광역시 남구 용호동 869번지,40000,공영
다보네가구 주차장(부설개방),부산광역시 남구 용호동 566-3번지,40000,공영
동산그린아파트 앞,부산광역시 남구 용호동 527-11번지,40000,공영
용호종합복지관주변,부산광역시 남구 용호동 85-2번지,40000,공영
분포맨션주변,부산광역시 남구 용호동 368-3번지,40000,공영
동명로157번길 공영주차장,부산광역시 남구 용호동 373-15번지,40000,공영
동보빌리지 주변,부산광역시 남구 대연동 1479-22번지,40000,공영
못골성당 앞,부산광역시 남구 대연동 1535-2번지,40000,공영
충무동제7공영,부산광역시 서구 충무동1가 43-1,0,공영
암남동제5공영,부산광역시 서구 암남동 123-50,0,공영
서구 원양로제1공영,부산광역시 서구 암남동 633-2,0,공영
충무동새벽시장공영,부산광역시 서구 남부민동 685-1,0,공영
송도공영,부산광역시 서구 암남동 579,0,공영
망양공영,부산광역시 서구 동대신동1가 11-15,0,공영
북산리공영,부산광역시 서구 동대신동2가 79-39,0,공영
고운들공영,부산광역시 서구 서대신동2가 509-233,0,공영
동대1제5공영,부산광역시 서구 동대신동1가 340,0,공영
동대2제1공영,부산광역시 서구 동대신동2가 452-4,0,공영
부민동제4공영,부산광역시 서구 부용동1가 66-1,0,공영
아미제2공영,부산광역시 서구 아미동1가 1,0,공영
충무동제2공영,부산광역시 서구 토성동3가 32,0,공영
충무동제5공영,부산광역시 서구 토성동1가 8-1,0,공영
남부민1동제1공영,부산광역시 서구 남부민동 695-2,0,공영
남부민2동제2공영,부산광역시 서구 남부민동 692-2,0,공영
남부민2동제3공영,부산광역시 서구 남부민동 705,0,공영
암남동제1공영,부산광역시 서구 암남동 135-2,0,공영
,,,
한신문화타운맞은편,부산광역시 남구 용당동 565-26번지,40000,공영
유엔평화로 153번길,부산광역시 남구 용당동 552-16번지,40000,공영
해돋이공영,부산광역시 서구 남부민동 50-13,0,공영
부민동공영,부산광역시 서구 부민동3가 56,0,공영
부민동제2공영,부산광역시 서구 부민동3가 36-1,0,공영
남부민2동공영,부산광역시 서구 남부민동 595-2,0,공영
충무동골목시장공영,부산광역시 서구 충무동1가 37-1,0,공영
암남공원공영,부산광역시 서구 암남동 620-4,0,공영
천해로공영,부산광역시 서구 남부민동 434-227,0,공영
서구 원양로제2공영,부산광역시 서구 암남동 633-2,0,공영
시약로공영,부산광역시 서구 서대신동3가 92,0,공영
암남동제2공영,부산광역시 서구 암남동 135-8,0,공영
암남동제7공영,부산광역시 서구 암남동 537-4,0,공영
암남동제8공영,부산광역시 서구 암남동 614-5,0,공영
암남동제10공영,부산광역시 서구 암남동 95-13,0,공영
남부민2동제1공영,부산광역시 서구 남부민동 705,0,공영
동대1제4공영,부산광역시 서구 동대신동1가 9-48,0,공영
서대4제1공영,부산광역시 서구 서대신동3가 산2-6,0,공영
서대4제2공영,부산광역시 서구 서대신동3가 147-45,0,공영
서대4제3공영,부산광역시 서구 서대신동3가 7-5,0,공영
초장동제1공영,부산광역시 서구 초장동 128-28,0,공영
초장동제2공영,부산광역시 서구 초장동 89-87,0,공영
등대로공영,부산광역시 서구 암남동 123-37,0,공영
오반장주차장,부산광역시 해운대구 우동542-11,0,민영
온천주차장,부산광역시 해운대구 중동1226-3|14|15|1370-2|3|4,0,민영
왕자주차장,부산광역시 해운대구 반여동1405-37,0,민영
상월우동주차장,부산광역시 해운대구 우동437-3|439-1|440-3,50000,민영
우양주차장,부산광역시 해운대구 반송동683-18,0,민영
우일주차장,부산광역시 해운대구 우동442-1,0,민영
원도주차장,부산광역시 해운대구 송정동306-10,0,민영
유로주차장,부산광역시 해운대구 우동229-4,50000,민영
남천1동 공영주차장,부산광역시 수영구 남천동 554| 568 일원,0,공영
민락매립지 공영주차장,부산광역시 수영구 민락동 113-46| 50,160000,공영
광안리해수욕장 공영주차장,부산광역시 수영구 광안동 198-3,240000,공영
망미동노외공영주차장,부산광역시 수영구 망미동 979-73,52000,공영
민락수변공원 공영주차장,부산광역시 수영구 민락동 110-7,160000,공영
민락해변공원 공영주차장,부산광역시 수영구 민락동 181-78,0,공영
호암골 공영주차장,부산광역시 수영구 광안동 1146,52000,공영
구덕꽃마을공영,부산광역시 서구 서대신동3가 산 10-1,0,공영
아미까치공영,부산광역시 서구 아미동2가 249-1,0,공영
아미골공영,부산광역시 서구 아미동2가 212-8,0,공영
아미초등학교지하공영,부산광역시 서구 아미동2가 89,0,공영
조은주차빌딩주차장,부산광역시 해운대구 반여동1627-2,0,민영
조이박주차장,부산광역시 해운대구 재송동521-1,0,민영
주차장,부산광역시 해운대구 중동 276-1,0,민영
주차장,부산광역시 해운대구 중동1480-4,0,민영
중동주차장,부산광역시 해운대구 중동1139-4,0,민영
지에스타임즈스테이션센텀필주차장,부산광역시 해운대구 재송동1220,70000,민영
진영주차장,부산광역시 해운대구 반송동250-2296|2297,0,민영
청도주차장,부산광역시 해운대구 반송동250-1687,40000,민영
카카오T해운대파킹,부산광역시 해운대구 우동762-46,0,민영
코리아주차장,부산광역시 해운대구 중동204-4,0,민영
태성주차장,부산광역시 해운대구 반송동211-2,0,민영
태양주차장,부산광역시 해운대구 우동649-2,0,민영
프로미카윈드주차장,부산광역시 해운대구 반여동1244-4|5,55000,민영
하나주차장,부산광역시 해운대구 좌동985-8,0,민영
하이파킹주차장,부산광역시 해운대구 우동629-6|628-1|2|4|8,0,민영
한라주차장,부산광역시 해운대구 좌동1521-3,30000,민영
한양주차장,부산광역시 해운대구 재송동1087-1,0,민영
해동주차장,부산광역시 해운대구 우동381-1,0,민영
해동주차장,부산광역시 해운대구 재송동1086-7,0,민영
해송주차장,부산광역시 해운대구 송정동306-2,0,민영
여인천하주차장,부산광역시 해운대구 우동426-5,0,민영
예원주차장,부산광역시 해운대구 송정동201-19,0,민영
좌동청소년문화의집부지 공영,부산광역시 해운대구 좌동1458-4,0,공영
문탠로드관광 공영,부산광역시 해운대구 중동974-1,0,공영
재송2동 공영,부산광역시 해운대구 재송동1042-3,0,공영
해수주차장,부산광역시 해운대구 송정동288-7|16|17,0,민영
해수주차장,부산광역시 해운대구 송정동521-1,0,민영
해우주차장,부산광역시 해운대구 중동1396-59,0,민영
해운대구청주차장,부산광역시 해운대구 중동1378-95,0,민영
해운대미포주차장,부산광역시 해운대구 중동947-1,0,민영
해운대블루주차장,부산광역시 해운대구 좌동 1360,0,민영
해운대비치주차장,부산광역시 해운대구 우동649-1,0,민영
해운대푸르지오주차장,부산광역시 해운대구 중동1123,0,민영
해운주차장,부산광역시 해운대구 우동762-47,0,민영
해운주차장,부산광역시 해운대구 중동1395-21,0,민영
해천주차장,부산광역시 해운대구 반송동250-2292,0,민영
행운주차장,부산광역시 해운대구 반여동873,0,민영
향토주차장,부산광역시 해운대구 우동 441-3|9|10,0,민영
현대주차장,부산광역시 해운대구 우동 541-16|21|23,0,민영
흥안인더스트리,부산광역시 해운대구 우동626-4,0,민영
미포주차장,부산광역시 해운대구 중동 1087-5|6,0,민영
포트주차장,부산광역시 해운대구 송정동850-1,0,민영
좌3동 신도 노상 공영,부산광역시 해운대구 좌동1341-26,0,공영
반송2동 운봉 공영,부산광역시 해운대구 반송동 621-1,0,공영
1박2일주차장,부산광역시 해운대구 우동640-3,0,민영
24시주차장,부산광역시 해운대구 우동647-8,0,민영
5994주차장,부산광역시 해운대구 반여동 1607-18,50000,민영
IS프라자 근린상가주차장,부산광역시 해운대구 좌동1431,77000,민영
k주차장,부산광역시 해운대구 우동637-4,0,민영
강남주차장,부산광역시 해운대구 반송동250-1751,0,민영
개미주차장,부산광역시 해운대구 우동1366| 1369,0,민영
송정호안도로,부산광역시 해운대구 송정동288-44,0,공영
송정 광어골,부산광역시 해운대구 송정동462,0,공영
해운대교육지원청주변공영,부산광역시 해운대구 좌동 1290| 1407-6번지 일원,0,공영
반여2동 제1공영,부산광역시 해운대구 반여동1291-1509,0,공영
반여2동 제2공영,부산광역시 해운대구 반여동1291-940,0,공영
반여4동 공영,부산광역시 해운대구 반여동620-14,0,공영
반송1동 제1공영,부산광역시 해운대구 반송동745-13,0,공영
반송1동 제2공영,부산광역시 해운대구 반송동259-86,0,공영
죽도공원,부산광역시 해운대구 좌동1474,0,공영
대영주차장,부산광역시 해운대구 재송동1071-26,0,민영
대천주차장,부산광역시 해운대구 좌동 1482-4,0,민영
더베이주차장,부산광역시 해운대구 우동747-5|-6|-9|-10-11,0,민영
동남주차장,부산광역시 해운대구 우동1337,0,민영
동백가든주차장,부산광역시 해운대구 우동635-6,0,민영
동백주차장,부산광역시 해운대구 우동542-6,100000,민영
동일주차장,부산광역시 해운대구 재송동1152-18,0,민영
반송2동 공영,부산광역시 해운대구 반송동 303,0,공영
해월정 달맞이길 공영,부산광역시 해운대구 중동산42-20,0,공영
동백 공영,부산광역시 해운대구 우동1151-3,0,공영
청사포 공영,부산광역시 해운대구 중동553,0,공영
재반로 노상공영 A,부산광역시 해운대구 반여동1291-1199,0,공영
재반로 노상공영 B,부산광역시 해운대구 반여동1291-1199,0,공영
재반로 노상공영 C,부산광역시 해운대구 반여동1291-1199,0,공영
재반로 노상공영 D,부산광역시 해운대구 반여동1291-1199,0,공영
대천공원공영주차장,부산광역시 해운대구 좌동1384,0,공영
동백공원공영주차장,부산광역시 해운대구 우동721,0,공영
송정 중앙 공영,부산광역시 해운대구 송정동 711-5,0,공영
국제회관 옆 공영주차장,부산광역시 중구 중앙동6가 79-9,0,공영
유창빌딩 앞 공영주차장,부산광역시 중구 중앙동4가 25-2,0,공영
신한은행부산금융센터 뒤 공영주차장,부산광역시 중구 동광동1가 2,0,공영
국제시장로 1구간 공영주차장,부산광역시 중구 신창동4가 60-3,0,공영
개미집전용주차장,부산광역시 해운대구 송정동422-15,0,민영
경화주차장,부산광역시 해운대구 반여동881-6,0,민영
고래사어묵주차장,부산광역시 해운대구 우동540-7,0,민영
광장주차장,부산광역시 해운대구 중동1411-11,0,민영
구해운대역주차장,부산광역시 해운대구 우동524-16,0,민영
글로리아주차장,부산광역시 해운대구 우동 649-5,0,민영
금수주차장,부산광역시 해운대구 중동1398-86,0,민영
기장주차장,부산광역시 해운대구 우동542-25,0,민영
길병원주차장,부산광역시 해운대구 반여동1618,0,민영
누리주차장,부산광역시 해운대구 우동 641-14,70000,민영
달맞이주차장,부산광역시 해운대구 중동944-8,0,민영
대교주차장,부산광역시 해운대구 재송동1094-28,0,민영
대성주차장,부산광역시 해운대구 반송동259-111,60000,민영
대성주차장,부산광역시 해운대구 반여동955,0,민영
보수 공영주차장,부산광역시 중구 보수동1가 146-18,52000,공영
보수종합시장 공영주차장,부산광역시 중구 보수동3가 45,160000,공영
대청 공영주차장,부산광역시 중구 대청동4가 2-119,52000,공영
부평 공영주차장,부산광역시 중구 부평동2가 18-2,310000,공영
신창 공영주차장,부산광역시 중구 신창동3가 39,310000,공영
자갈치 공영주차장,부산광역시 중구 남포동6가 118,310000,공영
보수동 오르미 공영주차장,부산광역시 중구 보수동1가 41-45,52000,공영
중앙동 교보생명 옆 공영주차장,부산광역시 중구 중앙동4가 85-1,0,공영
중부소방서 뒤 공영주차장,부산광역시 중구 중앙동4가 82-1,0,공영
중앙동 객화차담 밑 공영주차장,부산광역시 중구 중앙동4가 90-1,0,공영
중앙동 마린센터 공영주차장,부산광역시 중구 중앙동4가 75-1,0,공영
중앙동 KT 뒤 공영주차장,부산광역시 중구 중앙동4가 76-7,0,공영
부산데파트 뒤 공영주차장,부산광역시 중구 중앙동2가 49-31,0,공영
부산우체국 뒤 공영주차장,부산광역시 중구 중앙동4가 63-1,0,공영
덕천3동 공영주차장,부산광역시 북구 덕천동 139-3,52000,공영
구포축산물도매시장 고객주차장,부산광역시 북구 구포동 1187-4,90000,공영
덕천2동,부산광역시 북구 덕천동 346-1,60000,공영
대천천마을공동주차장,부산광역시 북구 화명동 174-4,52000,공영
만덕동심공원,부산광역시 북구 만덕동 872-3,52000,공영
구포2동,부산광역시 북구 구포동 969-4,52000,공영
만덕1동,부산광역시 북구 만덕동 642-14,52000,공영
물소리공원,부산광역시 북구 만덕동 642-14,90000,공영
광복로 부평동구간 공영주차장,부산광역시 중구 부평동1가 35-11,0,공영
보수복개천 공영주차장,부산광역시 중구 부평동3가 58-3,90000,공영
자갈치시장 앞 공영주차장,부산광역시 중구 남포동4가 37-1,0,공영
건어물시장 공영주차장,부산광역시 중구 남포동4가 37-3,0,공영
중앙동 공영주차장,부산광역시 중구 중앙동4가 52-3,240000,공영
영주 공영주차장,부산광역시 중구 영주동 462-51,52000,공영
용두산 공영주차장,부산광역시 중구 대청동1가 43-1,240000,공영
낙동,부산광역시 북구 구포동 1190,90000,공영
동원,부산광역시 북구 만덕동 934,52000,공영
대리천,부산광역시 북구 덕천동 732-5,160000,공영
화명,부산광역시 북구 화명동 2126,52000,공영
덕천,부산광역시 북구 덕천동 457-31,52000,공영
신만덕사거리,부산광역시 북구 만덕동 872-1,90000,공영
구포3동,부산광역시 북구 구포동 1248-10,52000,공영
숙등공원,부산광역시 북구 덕천동 410-4,52000,공영
삼성,부산광역시 북구 만덕동 783-4,52000,공영
행복마을,부산광역시 북구 구포동 1083-3,52000,공영
포천초교,부산광역시 북구 구포동 1231,52000,공영
구포시장 고객전용,부산광역시 북구 구포동 596-13,160000,공영
만덕3동,부산광역시 북구 만덕동 913-2,52000,공영
경혜길,부산광역시 북구 구포동 1204-32,52000,공영
모분재,부산광역시 북구 구포동 848,52000,공영
시랑공원,부산광역시 북구 구포동 1214-39,52000,공영
온천천복개도로노상공영주차장,부산광역시 금정구 남산동 18-2,50000,공영
금정농협앞노상공영주차장,부산광역시 금정구 남산동 320-19,50000,공영
서1동제1공영주차장,부산광역시 금정구 서동 161-26,52000,공영
서1동제2공영주차장,부산광역시 금정구 서동 509-2,52000,공영
서1동제3공영주차장,부산광역시 금정구 서동 302-1973,52000,공영
서1동제4공영주차장,부산광역시 금정구 부곡동 961,52000,공영
서2동공영주차장,부산광역시 금정구 서동 200-3,90000,공영
서2동오차로공영주차장,부산광역시 금정구 서동 302-1049,52000,공영
서3동제1공영주차장,부산광역시 금정구 서동 37-7,52000,공영
서3동제2공영주차장,부산광역시 금정구 서동 410-3,90000,공영
서3동제3공영주차장,부산광역시 금정구 서동 167-4,52000,공영
서동미로시장공영주차장,부산광역시 금정구 서동 190-9,90000,공영
부곡4동삼차로공영주차장,부산광역시 금정구 부곡동 737-165,52000,공영
선동공영주차장,부산광역시 금정구 청룡동 439-1,0,공영
오륜동공영주차장,부산광역시 금정구 청룡동 439-1,0,공영
금샘공영주차장,부산광역시 금정구 부곡동 200-103,52000,공영
서3동제5공영주차장,부산광역시 금정구 서동 40-3,52000,공영
금사동제1공영주차장,부산광역시 금정구 금사동 527-3,52000,공영
금사동제2공영주차장,부산광역시 금정구 금사동 388-8,52000,공영
부곡2동공영주차장,부산광역시 금정구 부곡동 294-20,90000,공영
부곡4동공영주차장,부산광역시 금정구 부곡동 768-39,52000,공영
온천장북측공영주차장,부산광역시 금정구 부곡동 896-3,160000,공영
남산동요산공영주차장,부산광역시 금정구 남산동 967-1,90000,공영
금샘로노상공영주차장,부산광역시 금정구 남산동 970-1,30000,공영
강동K주차장,부산광역시 강서구 대저2동 3134-1|2108-1|2107-1,0,민영
유통단지1로40번길공영주차장,부산광역시 강서구 대저2동 3135,0,공영
부영주차장,부산광역시 강서구 대저2동 3903,0,민영
보성주차장,부산광역시 강서구 대저2동 3972-1,0,민영
부용주차장,부산광역시 강서구 대저2동 4440,0,민영
맥도주차장,부산광역시 강서구 대저2동 5514,0,민영
천성~외양포간도로2공구 공영주차장,부산광역시 강서구 대항동 산 13-31,0,공영
오토마트주차장,부산광역시 강서구 강동동 1751,0,민영
엔투로지스주차장,부산광역시 강서구 구랑동 1193-5,0,민영
구서1동공영주차장,부산광역시 금정구 구서동 87-50,60000,공영
두실공영주차장,부산광역시 금정구 구서동 1052,90000,공영
범어사상마공영주차장,부산광역시 금정구 청룡동 439-1,0,공영
구서동만남의광장공영주차장,부산광역시 금정구 구서동 481-1,90000,공영
현대주차장,부산광역시 강서구 대저2동 2400| 2401-1| 2401-6,0,민영
현대주차장,부산광역시 강서구 대저2동 2400| 2401-1| 2401-6,0,민영
신공항주차장,부산광역시 강서구 대저2동 2405-2,0,민영
삼성주차장,부산광역시 강서구 대저2동 2405-2|3131-6|3131-7|3132-2|3134-4|3134-5,0,민영
한국주차장,부산광역시 강서구 대저2동 2418-6,0,민영
부용주차장,부산광역시 강서구 대저2동 2441,0,민영
ABC주차장,부산광역시 강서구 대저2동 2455-1,0,민영
김해주차장,부산광역시 강서구 대저2동 2464-3,0,민영
김해공항라운지주차장,부산광역시 강서구 대저2동 2493-2,0,민영
위드주차장,부산광역시 강서구 대저2동 2509-1,0,민영
드림주차장,부산광역시 강서구 대저2동 2510-2,0,민영
신공항주차장,부산광역시 강서구 대저2동 2699,0,민영
김해공항신공항주차장,부산광역시 강서구 대저2동 2699-1,0,민영
강동주차장,부산광역시 강서구 대저2동 3134-1| 2108-1| 2107-1,0,민영
금호주차장,부산광역시 강서구 대저1동 1190,0,민영
무지개주차장,부산광역시 강서구 대저1동 1314-8,0,민영
동호주차장,부산광역시 강서구 대저1동 1491-60,0,민영
부자집주차장,부산광역시 강서구 대저1동 2345-11,0,민영
강서주차장,부산광역시 강서구 대저1동 2376-2,0,민영
대보주차장,부산광역시 강서구 대저1동 2377-22,0,민영
대저주차장,부산광역시 강서구 대저1동 2377-27,0,민영
대저주차장,부산광역시 강서구 대저1동 750-1,0,민영
일공주차장,부산광역시 강서구 대저1동 754-1,0,민영
보광주차장 2,부산광역시 강서구 대저2동 1833,0,민영
강서제일 주차장,부산광역시 강서구 대저2동 1841-1|1842-5|1842-1-|1842-13|1843-4,0,민영
뉴공항주차장,부산광역시 강서구 대저2동 1842-10,0,민영
김해주차장,부산광역시 강서구 대저2동 2162-6,0,민영
광남주차장,부산광역시 강서구 대저2동 1858-1,0,민영
장기주차장,부산광역시 강서구 대저2동 1873-2,0,민영
강서주차장,부산광역시 강서구 대저2동 1873-2,0,민영
보광주차장 3,부산광역시 강서구 대저2동 1875-2,0,민영
가락화물주차장,부산광역시 강서구 죽림동 177,0,민영
가락주차장,부산광역시 강서구 죽림동 931,0,민영
지양곡 공영주차장,부산광역시 강서구 천성동 271-22,0,공영
오복미역 전용 주차장,부산광역시 강서구 화전동 555-1,0,민영
오륙도주차장,부산광역시 강서구 화전동 556-1,0,민영
대항공영 주차장,부산광역시 강서구 대항동 산 13-26,0,공영
스카이주차장,부산광역시 강서구 구랑동 1203,0,민영
우리들주차장,부산광역시 강서구 녹산동 1277-9,0,민영
동양주차장,부산광역시 강서구 녹산동 92-1,0,민영
동원주차장,부산광역시 강서구 대저2동 2081-5,0,민영
동원주차장,부산광역시 강서구 대저2동 2081-5,0,민영
제이엠알주차장,부산광역시 강서구 대저2동 2093,0,민영
명성주차장,부산광역시 강서구 대저2동 2095-2|2094-9,0,민영
유카주차장,부산광역시 강서구 대저2동 2157,0,민영
유니티주차장,부산광역시 강서구 대저2동 2160|2160-2|2160-3,0,민영
김해주차장,부산광역시 강서구 대저2동 2160-2,0,민영
공항주차장,부산광역시 강서구 대저2동 1843-23,0,민영
강서제이주차장,부산광역시 강서구 대저2동 1843-6,0,민영
보광주차장,부산광역시 강서구 대저2동 1845-1,0,민영
삼천리주차장,부산광역시 강서구 대저2동 1846-3,0,민영
광남주차장,부산광역시 강서구 대저2동 1858-1,0,민영
녹산산단공영주차장,부산광역시 강서구 송정동 1759,0,공영
신흥주차장,부산광역시 강서구 대저2동 1884-2,0,민영
우현주차장,부산광역시 강서구 대저2동 2021-6,0,민영
가가주차장,부산광역시 강서구 대저2동 2027-2,0,민영
발렛주차장,부산광역시 강서구 대저2동 2032-7,0,민영
국제주차장,부산광역시 강서구 대저2동 2037,0,민영
부산주차장,부산광역시 강서구 대저2동 2058-3,0,민영
차차주차장,부산광역시 강서구 대저2동 2058-5,0,민영
VIP주차장(B동),부산광역시 강서구 대저2동 2062-1,0,민영
강동주차장,부산광역시 강서구 대저2동 2078,0,민영
동해주차장,부산광역시 강서구 대저2동 2080-9,0,민영
진목주차장,부산광역시 강서구 명지동 3183-8,0,민영
행복마을 공영주차장,부산광역시 강서구 명지동 3254-7,0,공영
오션시티중앙상가공영주차장,부산광역시 강서구 명지동 3282,0,공영
화인종합주차장,부산광역시 강서구 명지동 616-93,0,민영
화인종합주차장,부산광역시 강서구 명지동 616-93,0,민영
거양주차장,부산광역시 강서구 명지동 616-97,0,민영
준주차장,부산광역시 강서구 범방동 1883-1,0,민영
가락IC주차장,부산광역시 강서구 봉림동 738-253,0,민영
서림주차장,부산광역시 강서구 생곡동 1531-6,0,민영
박부덕씨주차장,부산광역시 강서구 송정동 1216-4| -2,0,민영
송정동 공영주차장,부산광역시 강서구 송정동 1440,0,공영
명진포장주차장,부산광역시 강서구 식만동 429-3,0,민영
녹산종합주차장,부산광역시 강서구 신호동 186,0,민영
신호주차장,부산광역시 강서구 신호동 186,0,민영
더메이주차장,부산광역시 강서구 신호동 215-6,0,민영
한국주차장,부산광역시 강서구 신호동 217-6,0,민영
명지시장공영주차장,부산광역시 강서구 명지동 1-377,0,공영
명지주차장,부산광역시 강서구 명지동 1-377,0,민영
명지IC공영주차장,부산광역시 강서구 명지동 1-395,0,공영
신포주차장,부산광역시 강서구 명지동 1-658,0,민영
고정주차장,부산광역시 강서구 명지동 1-667,0,민영
가야공원진입로,부산광역시 부산진구 가야동 596-7,50000,공영
신부산빌딩 앞(소망빌딩),부산광역시 부산진구 범천동 839-39,160000,공영
범천동신암로,부산광역시 부산진구 범천동 1234-36,50000,공영
경남공고 뒤,부산광역시 부산진구 전포동 870-1,90000,공영
주례초등학교,부산광역시 부산진구 개금동 630-5,90000,공영
유원오피스텔 뒤,부산광역시 부산진구 부전동 474-97,220000,공영
가야공원,부산광역시 부산진구 가야동 484-8,50000,공영
가락주차장,부산광역시 강서구 죽림동 177,0,민영
기장시장 공영주차장,부산광역시 기장군 기장읍 대라리 427,160000,공영
이천마을 공영주차장,부산광역시 기장군 일광면 이천리 930-1,0,공영
용수리 공영주차장,부산광역시 기장군 정관읍 용수리 1366-11,0,공영
백길마을 공영주차장,부산광역시 기장군 철마면 백길리153-1,0,공영
정관 모전리 공영주차장,부산광역시 기장군 정관읍 모전리 739-3,160000,공영
오랑대 공영주차장,부산광역시 기장군 기장읍 연화리 산 65-1,160000,공영
임기리 노외공영주차장,부산광역시 기장군 철마면 임기리 699-4,0,공영
가야중복도로,부산광역시 부산진구 가야동 656-14,50000,공영
장안사 진입도로변,부산광역시 기장군 장안읍 장안리 686-1,0,공영
동부근린공원 인근 노외 공영 주차장,부산광역시 기장군 기장읍 동부리 151-8,40000,공영
오리 대룡마을,부산광역시 기장군 장안읍 오리 222,0,공영
기장 제1공영주차장,부산광역시 기장군 기장읍 동부리 280-9,160000,공영
,,,
마지마을 공영주차장,부산광역시 기장군 철마면 연구리 304-3,0,공영
상장안마을 공영주차장,부산광역시 기장군 장안읍 장안리 41-2,0,공영
하장안마을 공영주차장,부산광역시 기장군 장안읍 장안리 120-3,0,공영
,,,
,,,
,,,
일광해수욕장 일방통행로,부산광역시 기장군 일광면 삼성리 115-28,0,공영
임랑해수욕장 주변 행정봉사실 옆,부산광역시 기장군 장안읍 임랑리 1-5,0,공영
장안읍 임랑리 아름마을,부산광역시 기장군 장안읍 임랑리 380-5,0,공영
좌천 재래시장,부산광역시 기장군 장안읍 좌천리 45-8,0,공영
한신아파트 앞 주변 이면도로,부산광역시 기장군 기장읍 동부리 151-10,0,공영
동산그린타워 주변 이면도로,부산광역시 기장군 기장읍 동부리 448,0,공영
일광면사무소주변,부산광역시 기장군 일광면 삼성리 54-2,0,공영
,,,
청강리 기장병원 주변 이면도로,부산광역시 기장군 기장읍 청강리 305,0,공영
정관읍 달산리 성림아파트 전면도로,부산광역시 기장군 정관읍 달산리 141-5,0,공영
기장중학교 정문 주변,부산광역시 기장군 기장읍 동부리 283-9,0,공영
기장시장 뒤편 부산은행 주변,부산광역시 기장군 기장읍 동부리 278-3,0,공영
기장시장입구 동부산농협 주변,부산광역시 기장군 기장읍 대라리 418-12,0,공영
구 국민은행 옆 주변 복개도로,부산광역시 기장군 기장읍 대라리 38,0,공영
기장탕 옆 놀이터,부산광역시 기장군 기장읍 대라리 408-2,0,공영
동양프라자 주변도로,부산광역시 기장군 기장읍 대라리 444-1,0,공영
일광해수욕장 주변,부산광역시 기장군 일광면 삼성리 720,0,공영
중앙대로399번길 제1노상,부산광역시 동구 좌천동 682-1,90000,공영
중앙대로180번길 제3공영,부산광역시 동구 초량동 1213-1,0,공영
성북공영,부산광역시 동구 좌천동 910-3,30000,공영
태종대유원지부설주차장,부산광역시 영도구 동삼동 1011,100000,공영
용호부두 공영주차장,부산광역시 남구 용호동 960,160000,공영
용호만유람선터미널 부설주차장,부산광역시 남구 용호동 959,160000,공영
중앙대로320번길 제2노상,부산광역시 동구 초량동 1154-1,0,공영
중앙대로320번길 제3노상,부산광역시 동구 초량동 1154-1,0,공영
중앙대로236번길 제2노상,부산광역시 동구 초량동 1195-1,0,공영
범일1동,부산광역시 동구 범일동 1338-11,30000,공영
범일1동 제3공영,부산광역시 동구 범일동 1511-4,30000,공영
범일1동 제2공영,부산광역시 동구 범일동 1424-7,30000,공영
중앙대로332번길 제2공영,부산광역시 동구 초량동 1150-7,0,공영
중앙대로236번길 제3노상,부산광역시 동구 초량동 1195-2,0,공영
자성로140번길 제1노상,부산광역시 동구 범일동 825-3,90000,공영
독도주차장,부산광역시 동구 좌천동 722,30000,공영
동구공영주차빌딩,부산광역시 동구 초량동 1204-9,90000,공영
동구체육공원,부산광역시 동구 수정동 711-4,30000,공영
조방로16번길 제1노상,부산광역시 동구 범일동 830-9,0,공영
자성로 제1노상,부산광역시 동구 범일동 829-1,0,공영
가구거리,부산광역시 동구 범일동 183,90000,공영
구봉로 제1노상,부산광역시 동구 초량동 1118,30000,공영
수정공원상로 제1노상,부산광역시 동구 수정동 1178-43,30000,공영
중앙대로332번길 제3노상,부산광역시 동구 초량동 1150-1,0,공영
좌천동 제1공영,부산광역시 동구 좌천동 808-12,30000,공영
좌천동 제2공영,부산광역시 동구 좌천동 952-2,30000,공영
중앙대로260번길 제1노상,부산광역시 동구 초량동 1168-13,0,공영
조방로10번길 제1노상,부산광역시 동구 범일동 830-9,0,공영
자성공원로 제1노상,부산광역시 동구 범일동 830-29,0,공영
중앙대로236번길 제4노상,부산광역시 동구 초량동 1196-4,0,공영
자유시장뒤,부산광역시 동구 범일동 830-24,0,공영
중앙대로248번길 제3노상,부산광역시 동구 초량동 1188-1,0,공영
성남로 제1노외,부산광역시 동구 좌천동 1119,90000,공영
중앙대로296번길 제1노상,부산광역시 동구 초량동 1159-9,0,공영
수정산,부산광역시 동구 수정동 600-3,30000,공영
고관로 제2공영,부산광역시 동구 좌천동 68-595,90000,공영
고관로 제1공영,부산광역시 동구 좌천동 68-569,90000,공영
스카이웨이,부산광역시 동구 초량동 827-246,30000,공영
수정1동,부산광역시 동구 수정동 1043-60,30000,공영
수정2동,부산광역시 동구 수정동 771-210,30000,공영
수정2동 제2공영,부산광역시 동구 수정동 785-8,30000,공영
수정4동,부산광역시 동구 수정동 968-11,30000,공영
수정5동,부산광역시 동구 수정동 410,30000,공영
자성공원로 제2노상,부산광역시 동구 범일동 830-29,0,공영
조방로10번길 제2노상,부산광역시 동구 범일동 830-31,0,공영
중앙대로196번길 노상,부산광역시 동구 초량동 1203-2,0,공영
성남로49번길 제1노상,부산광역시 동구 좌천동 68-1,90000,공영
행복예식장옆,부산광역시 동구 범일동 830-24,0,공영
범일2동 제1노상,부산광역시 동구 범일동 830-9,0,공영
범일로90번길 노상,부산광역시 동구 범일동 830-63,0,공영
부산고등학교입구,부산광역시 동구 초량동 667-8,90000,공영
초량2동,부산광역시 동구 초량동 865,30000,공영
초량6동,부산광역시 동구 좌천동 689-94,30000,공영
조방로16번길 제2노상,부산광역시 동구 범일동 830-24,0,공영
조방로34번길 제2노상,부산광역시 동구 범일동 830-24,0,공영
부산진역,부산광역시 동구 좌천동 1164-2,90000,공영
초량2동 제2공영,부산광역시 동구 초량동 865-148,30000,공영
수정2동 제3공영,부산광역시 동구 수정동 822,30000,공영
차이나타운,부산광역시 동구 초량동 545-7,0,공영
명장동공영주차장,부산광역시 동래구 명장동 538,52000,공영
동래시장공영주차장,부산광역시 동래구 복천동 241,0,공영
성남로 제2노상,부산광역시 동구 좌천동 1116-1,90000,공영
청학초등학교,부산광역시 영도구 청학동 412-3,52000,공영
금강공원공영주차장,부산광역시 동래구 온천동 102-10,90000,공영
사적공원공영주차장,부산광역시 동래구 명륜동 146,52000,공영
유정아파트,부산광역시 영도구 봉래동5가 122-37,52000,공영
청학시장,부산광역시 영도구 청학동 307-19,52000,공영
청학하나,부산광역시 영도구 청학동 391-98,160000,공영
신선하나,부산광역시 영도구 신선동1가 196-5,52000,공영
신선동,부산광역시 영도구 신선동2가 136-1,52000,공영
봉래시장,부산광역시 영도구 봉래동3가 22-2,160000,공영
하수종말처리장옆,부산광역시 영도구 동삼동 201-59,90000,공영
75광장앞,부산광역시 영도구 동삼동 628-1,30000,공영
남항시장,부산광역시 영도구 남항동2가 267,160000,공영
해양로변,부산광역시 영도구 청학동 1-54,30000,공영
태종보세장치장옆,부산광역시 영도구 청학동 1-49,30000,공영
하늘전망대앞,부산광역시 영도구 동삼동 산149-4,30000,공영
봉래동물양장,부산광역시 영도구 봉래동1가 1,90000,공영
인제병원앞,부산광역시 영도구 봉래동1가 208-1,90000,공영
남항방파제,부산광역시 영도구 남항동3가 141-37,50000,공영
절영해안산책로앞,부산광역시 영도구 영선동4가 186-101,50000,공영
토토볼링장앞,부산광역시 영도구 대평동1가 162-1,90000,공영
선용품유통센터앞,부산광역시 영도구 남항동2가 273-1,90000,공영
신선스카이웨이,부산광역시 영도구 신선동2가 141-84,52000,공영
봉래산,부산광역시 영도구 청학동 483-1,52000,공영
영도중학교옆,부산광역시 영도구 동삼동 328-22,52000,공영
영도해녀문화전시관,부산광역시 영도구 동삼동 639-7,52000,공영
청학동로,부산광역시 영도구 청학동 120-8,52000,공영
청학스카이웨이,부산광역시 영도구 동삼동 328-22,52000,공영
해돋이마을,부산광역시 영도구 청학동 468-57,52000,공영
청학2동,부산광역시 영도구 청학동 99-229,52000,공영
하단동 유수지 공영주차장,부산광역시 사하구 하단동 1172,30000,공영
청학1동,부산광역시 영도구 청학동 418-5,52000,공영
장림대동맨션 앞 노상공영주차장,부산광역시 사하구 다대동 1595,30000,공영
통일아시아드공원 일원 노상공영,부산광역시 사하구 다대동 1595,30000,공영
대한제강 앞 복합 공영주차장,부산광역시 사하구 신평동 370-17,30000,공영
도시철도 신평역 앞 공영주차장,부산광역시 사하구 신평동 665,50000,공영
신평패션칼라 공영주차장,부산광역시 사하구 신평동 664,30000,공영
동성화학 앞 공영주차장,부산광역시 사하구 신평동 370-116,30000,공영
하단5일상설시장 공영주차장,부산광역시 사하구 하단동 621,50000,공영
장림2동 공영주차장,부산광역시 사하구 장림동 569-1,30000,공영
에코팩토리 존 노상공영주차장,부산광역시 사하구 신평동 664,30000,공영
장림포구,부산광역시 사하구 장림동 1092,30000,공영
장림 노외 공영주차장,부산광역시 사하구 장림동 328-4,52000,공영
을숙도 공영주차장,부산광역시 사하구 하단동 1149-5,52000,공영
감천2동 공영주차장,부산광역시 사하구 감천동 12,52000,공영
장림동 복합 공영주차장,부산광역시 사하구 장림동 1144-1,52000,공영
다대2동 공영주차장,부산광역시 사하구 다대동 1585,52000,공영
감내 공영주차장,부산광역시 사하구 감천동 16-485,52000,공영
몰운대 공영주차장,부산광역시 사하구 다대동 482-3,90000,공영
다대 중앙 공영주차장,부산광역시 사하구 다대동 1552-20,90000,공영
회화나무 공영주차장,부산광역시 사하구 괴정동 514-4,90000,공영
감천문화마을 공영주차장,부산광역시 사하구 감천동 17-46,52000,공영
신평골목시장 공영주차장,부산광역시 사하구 신평동 99-9,90000,공영
사릿골 공영주차장,부산광역시 사하구 괴정동 237-4,90000,공영
하단동 광장 공영주차장,부산광역시 사하구 하단동 1163,90000,공영
하단1동 공영주차장,부산광역시 사하구 하단동 53,90000,공영
장림골목시장 공영주차장,부산광역시 사하구 장림동 328-4,52000,공영
당리동 샛별공원 지하공영주차장,부산광역시 사하구 장림동 328-4,90000,공영
괴정3동 공영주차장,부산광역시 사하구 장림동 328-4,90000,공영
사하구청 앞 공영주차장,부산광역시 사하구 당리동 317-100,90000,공영
괴정천복개로(하단동) 공영주차장,부산광역시 사하구 하단동 870-6,50000,공영
신평장림산업단지 공영주차장,부산광역시 사하구 신평동 545-2,90000,공영
동주마루 공영주차장,부산광역시 사하구 괴정동 380-36,52000,공영
